MAE,RMSE,R2,MAPE,Model,Train_Time
11.57,24.98,0.99918,0.613,Ensemble,—
12.41,24.01,0.99924,0.669,XGBoost,17.3s
12.63,25.65,0.99913,0.674,LightGBM,16.4s
16.42,35.3,0.99835,0.861,Random Forest,87.4s
21.98,41.92,0.99768,1.218,Extra Trees,25.2s
80.94,114.18,0.98278,5.063,Ridge,0.0s
